quarter_end,item,value_usd_m_(pref_in_M_shares),source
Q1-2023,Cash and cash equivalents,40.994,"2023-04-27 10-Q balance sheet / debt note, acc 0001590364-23-000013"
Q1-2023,"Inventory, net",192.79,"2023-04-27 10-Q balance sheet / debt note, acc 0001590364-23-000013"
Q1-2023,"Leasing equipment, net",1849.662,"2023-04-27 10-Q balance sheet / debt note, acc 0001590364-23-000013"
Q1-2023,Investments (unconsolidated entities incl. 2025 Partnership equity-method),40.202,"2023-04-27 10-Q balance sheet / debt note, acc 0001590364-23-000013"
Q1-2023,Total assets,2441.444,"2023-04-27 10-Q balance sheet / debt note, acc 0001590364-23-000013"
Q1-2023,Debt - Revolving Credit Facility,75.0,"2023-04-27 10-Q balance sheet / debt note, acc 0001590364-23-000013"
Q1-2023,Debt - Senior Notes due 2025,652.794,"2023-04-27 10-Q balance sheet / debt note, acc 0001590364-23-000013"
Q1-2023,Debt - Senior Notes due 2027,400.0,"2023-04-27 10-Q balance sheet / debt note, acc 0001590364-23-000013"
Q1-2023,Debt - Senior Notes due 2028,1002.006,"2023-04-27 10-Q balance sheet / debt note, acc 0001590364-23-000013"
Q1-2023,Debt - Senior Notes due 2030,0.0,"2023-04-27 10-Q balance sheet / debt note, acc 0001590364-23-000013"
Q1-2023,Debt - Senior Notes due 2031,0.0,"2023-04-27 10-Q balance sheet / debt note, acc 0001590364-23-000013"
Q1-2023,Debt - Senior Notes due 2032,0.0,"2023-04-27 10-Q balance sheet / debt note, acc 0001590364-23-000013"
Q1-2023,Debt - Senior Notes due 2033,0.0,"2023-04-27 10-Q balance sheet / debt note, acc 0001590364-23-000013"
Q1-2023,Debt - total carrying value before issuance costs,2129.8,"2023-04-27 10-Q balance sheet / debt note, acc 0001590364-23-000013"
Q1-2023,Debt - less unamortized issuance costs,-27.893,"2023-04-27 10-Q balance sheet / debt note, acc 0001590364-23-000013"
Q1-2023,Total liabilities,2367.288,"2023-04-27 10-Q balance sheet / debt note, acc 0001590364-23-000013"
Q1-2023,Shareholders' equity,73.632,"2023-04-27 10-Q balance sheet / debt note, acc 0001590364-23-000013"
Q1-2023,Total equity,74.156,"2023-04-27 10-Q balance sheet / debt note, acc 0001590364-23-000013"
Q1-2023,Preferred shares outstanding (millions of shares; $25 liquidation pref each; book value is par only),15.92,"2023-04-27 10-Q balance sheet / debt note, acc 0001590364-23-000013"
Q2-2023,Cash and cash equivalents,21.134,"2023-07-27 10-Q balance sheet / debt note, acc 0001590364-23-000023"
Q2-2023,"Inventory, net",232.043,"2023-07-27 10-Q balance sheet / debt note, acc 0001590364-23-000023"
Q2-2023,"Leasing equipment, net",1891.263,"2023-07-27 10-Q balance sheet / debt note, acc 0001590364-23-000023"
Q2-2023,Investments (unconsolidated entities incl. 2025 Partnership equity-method),39.822,"2023-07-27 10-Q balance sheet / debt note, acc 0001590364-23-000023"
Q2-2023,Total assets,2525.632,"2023-07-27 10-Q balance sheet / debt note, acc 0001590364-23-000023"
Q2-2023,Debt - Revolving Credit Facility,145.0,"2023-07-27 10-Q balance sheet / debt note, acc 0001590364-23-000023"
Q2-2023,Debt - Senior Notes due 2025,652.547,"2023-07-27 10-Q balance sheet / debt note, acc 0001590364-23-000023"
Q2-2023,Debt - Senior Notes due 2027,400.0,"2023-07-27 10-Q balance sheet / debt note, acc 0001590364-23-000023"
Q2-2023,Debt - Senior Notes due 2028,1001.921,"2023-07-27 10-Q balance sheet / debt note, acc 0001590364-23-000023"
Q2-2023,Debt - Senior Notes due 2030,0.0,"2023-07-27 10-Q balance sheet / debt note, acc 0001590364-23-000023"
Q2-2023,Debt - Senior Notes due 2031,0.0,"2023-07-27 10-Q balance sheet / debt note, acc 0001590364-23-000023"
Q2-2023,Debt - Senior Notes due 2032,0.0,"2023-07-27 10-Q balance sheet / debt note, acc 0001590364-23-000023"
Q2-2023,Debt - Senior Notes due 2033,0.0,"2023-07-27 10-Q balance sheet / debt note, acc 0001590364-23-000023"
Q2-2023,Debt - total carrying value before issuance costs,2199.468,"2023-07-27 10-Q balance sheet / debt note, acc 0001590364-23-000023"
Q2-2023,Debt - less unamortized issuance costs,-26.36,"2023-07-27 10-Q balance sheet / debt note, acc 0001590364-23-000023"
Q2-2023,Total liabilities,2434.314,"2023-07-27 10-Q balance sheet / debt note, acc 0001590364-23-000023"
Q2-2023,Shareholders' equity,90.784,"2023-07-27 10-Q balance sheet / debt note, acc 0001590364-23-000023"
Q2-2023,Total equity,91.318,"2023-07-27 10-Q balance sheet / debt note, acc 0001590364-23-000023"
Q2-2023,Preferred shares outstanding (millions of shares; $25 liquidation pref each; book value is par only),15.92,"2023-07-27 10-Q balance sheet / debt note, acc 0001590364-23-000023"
Q3-2023,Cash and cash equivalents,52.879,"2023-10-26 10-Q balance sheet / debt note, acc 0001590364-23-000028"
Q3-2023,"Inventory, net",274.832,"2023-10-26 10-Q balance sheet / debt note, acc 0001590364-23-000028"
Q3-2023,"Leasing equipment, net",1924.198,"2023-10-26 10-Q balance sheet / debt note, acc 0001590364-23-000028"
Q3-2023,Investments (unconsolidated entities incl. 2025 Partnership equity-method),39.868,"2023-10-26 10-Q balance sheet / debt note, acc 0001590364-23-000028"
Q3-2023,Total assets,2633.786,"2023-10-26 10-Q balance sheet / debt note, acc 0001590364-23-000028"
Q3-2023,Debt - Revolving Credit Facility,250.0,"2023-10-26 10-Q balance sheet / debt note, acc 0001590364-23-000028"
Q3-2023,Debt - Senior Notes due 2025,652.297,"2023-10-26 10-Q balance sheet / debt note, acc 0001590364-23-000028"
Q3-2023,Debt - Senior Notes due 2027,400.0,"2023-10-26 10-Q balance sheet / debt note, acc 0001590364-23-000028"
Q3-2023,Debt - Senior Notes due 2028,1001.834,"2023-10-26 10-Q balance sheet / debt note, acc 0001590364-23-000028"
Q3-2023,Debt - Senior Notes due 2030,0.0,"2023-10-26 10-Q balance sheet / debt note, acc 0001590364-23-000028"
Q3-2023,Debt - Senior Notes due 2031,0.0,"2023-10-26 10-Q balance sheet / debt note, acc 0001590364-23-000028"
Q3-2023,Debt - Senior Notes due 2032,0.0,"2023-10-26 10-Q balance sheet / debt note, acc 0001590364-23-000028"
Q3-2023,Debt - Senior Notes due 2033,0.0,"2023-10-26 10-Q balance sheet / debt note, acc 0001590364-23-000028"
Q3-2023,Debt - total carrying value before issuance costs,2304.131,"2023-10-26 10-Q balance sheet / debt note, acc 0001590364-23-000028"
Q3-2023,Debt - less unamortized issuance costs,-24.801,"2023-10-26 10-Q balance sheet / debt note, acc 0001590364-23-000028"
Q3-2023,Total liabilities,2538.724,"2023-10-26 10-Q balance sheet / debt note, acc 0001590364-23-000028"
Q3-2023,Shareholders' equity,94.528,"2023-10-26 10-Q balance sheet / debt note, acc 0001590364-23-000028"
Q3-2023,Total equity,95.062,"2023-10-26 10-Q balance sheet / debt note, acc 0001590364-23-000028"
Q3-2023,Preferred shares outstanding (millions of shares; $25 liquidation pref each; book value is par only),15.92,"2023-10-26 10-Q balance sheet / debt note, acc 0001590364-23-000028"
Q4-2023,Cash and cash equivalents,90.756,"2024-02-26 10-K balance sheet / debt note, acc 0001590364-24-000003"
Q4-2023,"Inventory, net",316.637,"2024-02-26 10-K balance sheet / debt note, acc 0001590364-24-000003"
Q4-2023,"Leasing equipment, net",2032.413,"2024-02-26 10-K balance sheet / debt note, acc 0001590364-24-000003"
Q4-2023,Investments (unconsolidated entities incl. 2025 Partnership equity-method),22.722,"2024-02-26 10-K balance sheet / debt note, acc 0001590364-24-000003"
Q4-2023,Total assets,2964.685,"2024-02-26 10-K balance sheet / debt note, acc 0001590364-24-000003"
Q4-2023,Debt - Revolving Credit Facility,0.0,"2024-02-26 10-K balance sheet / debt note, acc 0001590364-24-000003"
Q4-2023,Debt - Senior Notes due 2025,652.043,"2024-02-26 10-K balance sheet / debt note, acc 0001590364-24-000003"
Q4-2023,Debt - Senior Notes due 2027,400.0,"2024-02-26 10-K balance sheet / debt note, acc 0001590364-24-000003"
Q4-2023,Debt - Senior Notes due 2028,1001.746,"2024-02-26 10-K balance sheet / debt note, acc 0001590364-24-000003"
Q4-2023,Debt - Senior Notes due 2030,496.704,"2024-02-26 10-K balance sheet / debt note, acc 0001590364-24-000003"
Q4-2023,Debt - Senior Notes due 2031,0.0,"2024-02-26 10-K balance sheet / debt note, acc 0001590364-24-000003"
Q4-2023,Debt - Senior Notes due 2032,0.0,"2024-02-26 10-K balance sheet / debt note, acc 0001590364-24-000003"
Q4-2023,Debt - Senior Notes due 2033,0.0,"2024-02-26 10-K balance sheet / debt note, acc 0001590364-24-000003"
Q4-2023,Debt - total carrying value before issuance costs,2550.493,"2024-02-26 10-K balance sheet / debt note, acc 0001590364-24-000003"
Q4-2023,Debt - less unamortized issuance costs,-33.15,"2024-02-26 10-K balance sheet / debt note, acc 0001590364-24-000003"
Q4-2023,Total liabilities,2788.802,"2024-02-26 10-K balance sheet / debt note, acc 0001590364-24-000003"
Q4-2023,Shareholders' equity,175.349,"2024-02-26 10-K balance sheet / debt note, acc 0001590364-24-000003"
Q4-2023,Total equity,175.883,"2024-02-26 10-K balance sheet / debt note, acc 0001590364-24-000003"
Q4-2023,Preferred shares outstanding (millions of shares; $25 liquidation pref each; book value is par only),15.92,"2024-02-26 10-K balance sheet / debt note, acc 0001590364-24-000003"
Q1-2024,Cash and cash equivalents,65.224,"2024-04-26 10-Q balance sheet / debt note, acc 0001590364-24-000011"
Q1-2024,"Inventory, net",345.47,"2024-04-26 10-Q balance sheet / debt note, acc 0001590364-24-000011"
Q1-2024,"Leasing equipment, net",2187.716,"2024-04-26 10-Q balance sheet / debt note, acc 0001590364-24-000011"
Q1-2024,Investments (unconsolidated entities incl. 2025 Partnership equity-method),22.055,"2024-04-26 10-Q balance sheet / debt note, acc 0001590364-24-000011"
Q1-2024,Total assets,3175.906,"2024-04-26 10-Q balance sheet / debt note, acc 0001590364-24-000011"
Q1-2024,Debt - Revolving Credit Facility,175.0,"2024-04-26 10-Q balance sheet / debt note, acc 0001590364-24-000011"
Q1-2024,Debt - Senior Notes due 2025,651.784,"2024-04-26 10-Q balance sheet / debt note, acc 0001590364-24-000011"
Q1-2024,Debt - Senior Notes due 2027,400.0,"2024-04-26 10-Q balance sheet / debt note, acc 0001590364-24-000011"
Q1-2024,Debt - Senior Notes due 2028,1001.657,"2024-04-26 10-Q balance sheet / debt note, acc 0001590364-24-000011"
Q1-2024,Debt - Senior Notes due 2030,496.793,"2024-04-26 10-Q balance sheet / debt note, acc 0001590364-24-000011"
Q1-2024,Debt - Senior Notes due 2031,0.0,"2024-04-26 10-Q balance sheet / debt note, acc 0001590364-24-000011"
Q1-2024,Debt - Senior Notes due 2032,0.0,"2024-04-26 10-Q balance sheet / debt note, acc 0001590364-24-000011"
Q1-2024,Debt - Senior Notes due 2033,0.0,"2024-04-26 10-Q balance sheet / debt note, acc 0001590364-24-000011"
Q1-2024,Debt - total carrying value before issuance costs,2725.234,"2024-04-26 10-Q balance sheet / debt note, acc 0001590364-24-000011"
Q1-2024,Debt - less unamortized issuance costs,-31.48,"2024-04-26 10-Q balance sheet / debt note, acc 0001590364-24-000011"
Q1-2024,Total liabilities,2998.3,"2024-04-26 10-Q balance sheet / debt note, acc 0001590364-24-000011"
Q1-2024,Shareholders' equity,177.072,"2024-04-26 10-Q balance sheet / debt note, acc 0001590364-24-000011"
Q1-2024,Total equity,177.606,"2024-04-26 10-Q balance sheet / debt note, acc 0001590364-24-000011"
Q1-2024,Preferred shares outstanding (millions of shares; $25 liquidation pref each; book value is par only),15.92,"2024-04-26 10-Q balance sheet / debt note, acc 0001590364-24-000011"
Q2-2024,Cash and cash equivalents,169.485,"2024-08-09 10-Q balance sheet / debt note, acc 0001590364-24-000016"
Q2-2024,"Inventory, net",373.282,"2024-08-09 10-Q balance sheet / debt note, acc 0001590364-24-000016"
Q2-2024,"Leasing equipment, net",2202.866,"2024-08-09 10-Q balance sheet / debt note, acc 0001590364-24-000016"
Q2-2024,Investments (unconsolidated entities incl. 2025 Partnership equity-method),19.886,"2024-08-09 10-Q balance sheet / debt note, acc 0001590364-24-000016"
Q2-2024,Total assets,3449.252,"2024-08-09 10-Q balance sheet / debt note, acc 0001590364-24-000016"
Q2-2024,Debt - Revolving Credit Facility,0.0,"2024-08-09 10-Q balance sheet / debt note, acc 0001590364-24-000016"
Q2-2024,Debt - Senior Notes due 2025,0.0,"2024-08-09 10-Q balance sheet / debt note, acc 0001590364-24-000016"
Q2-2024,Debt - Senior Notes due 2027,130.907,"2024-08-09 10-Q balance sheet / debt note, acc 0001590364-24-000016"
Q2-2024,Debt - Senior Notes due 2028,1001.567,"2024-08-09 10-Q balance sheet / debt note, acc 0001590364-24-000016"
Q2-2024,Debt - Senior Notes due 2030,496.884,"2024-08-09 10-Q balance sheet / debt note, acc 0001590364-24-000016"
Q2-2024,Debt - Senior Notes due 2031,700.0,"2024-08-09 10-Q balance sheet / debt note, acc 0001590364-24-000016"
Q2-2024,Debt - Senior Notes due 2032,800.0,"2024-08-09 10-Q balance sheet / debt note, acc 0001590364-24-000016"
Q2-2024,Debt - Senior Notes due 2033,0.0,"2024-08-09 10-Q balance sheet / debt note, acc 0001590364-24-000016"
Q2-2024,Debt - total carrying value before issuance costs,3129.358,"2024-08-09 10-Q balance sheet / debt note, acc 0001590364-24-000016"
Q2-2024,Debt - less unamortized issuance costs,-51.762,"2024-08-09 10-Q balance sheet / debt note, acc 0001590364-24-000016"
Q2-2024,Total liabilities,3379.685,"2024-08-09 10-Q balance sheet / debt note, acc 0001590364-24-000016"
Q2-2024,Shareholders' equity,69.567,"2024-08-09 10-Q balance sheet / debt note, acc 0001590364-24-000016"
Q2-2024,Total equity,69.567,"2024-08-09 10-Q balance sheet / debt note, acc 0001590364-24-000016"
Q2-2024,Preferred shares outstanding (millions of shares; $25 liquidation pref each; book value is par only),15.92,"2024-08-09 10-Q balance sheet / debt note, acc 0001590364-24-000016"
Q3-2024,Cash and cash equivalents,111.888,"2024-11-12 10-Q balance sheet / debt note, acc 0001590364-24-000021"
Q3-2024,"Inventory, net",490.997,"2024-11-12 10-Q balance sheet / debt note, acc 0001590364-24-000021"
Q3-2024,"Leasing equipment, net",2066.337,"2024-11-12 10-Q balance sheet / debt note, acc 0001590364-24-000021"
Q3-2024,Investments (unconsolidated entities incl. 2025 Partnership equity-method),19.448,"2024-11-12 10-Q balance sheet / debt note, acc 0001590364-24-000021"
Q3-2024,Total assets,3738.91,"2024-11-12 10-Q balance sheet / debt note, acc 0001590364-24-000021"
Q3-2024,Debt - Revolving Credit Facility,150.0,"2024-11-12 10-Q balance sheet / debt note, acc 0001590364-24-000021"
Q3-2024,Debt - Senior Notes due 2025,0.0,"2024-11-12 10-Q balance sheet / debt note, acc 0001590364-24-000021"
Q3-2024,Debt - Senior Notes due 2027,130.5,"2024-11-12 10-Q balance sheet / debt note, acc 0001590364-24-000021"
Q3-2024,Debt - Senior Notes due 2028,1001.475,"2024-11-12 10-Q balance sheet / debt note, acc 0001590364-24-000021"
Q3-2024,Debt - Senior Notes due 2030,496.976,"2024-11-12 10-Q balance sheet / debt note, acc 0001590364-24-000021"
Q3-2024,Debt - Senior Notes due 2031,700.0,"2024-11-12 10-Q balance sheet / debt note, acc 0001590364-24-000021"
Q3-2024,Debt - Senior Notes due 2032,800.0,"2024-11-12 10-Q balance sheet / debt note, acc 0001590364-24-000021"
Q3-2024,Debt - Senior Notes due 2033,0.0,"2024-11-12 10-Q balance sheet / debt note, acc 0001590364-24-000021"
Q3-2024,Debt - total carrying value before issuance costs,3278.951,"2024-11-12 10-Q balance sheet / debt note, acc 0001590364-24-000021"
Q3-2024,Debt - less unamortized issuance costs,-60.608,"2024-11-12 10-Q balance sheet / debt note, acc 0001590364-24-000021"
Q3-2024,Total liabilities,3620.378,"2024-11-12 10-Q balance sheet / debt note, acc 0001590364-24-000021"
Q3-2024,Shareholders' equity,118.532,"2024-11-12 10-Q balance sheet / debt note, acc 0001590364-24-000021"
Q3-2024,Total equity,118.532,"2024-11-12 10-Q balance sheet / debt note, acc 0001590364-24-000021"
Q3-2024,Preferred shares outstanding (millions of shares; $25 liquidation pref each; book value is par only),15.92,"2024-11-12 10-Q balance sheet / debt note, acc 0001590364-24-000021"
Q4-2024,Cash and cash equivalents,115.116,"2025-03-03 10-K balance sheet / debt note, acc 0001590364-25-000006"
Q4-2024,"Inventory, net",551.156,"2025-03-03 10-K balance sheet / debt note, acc 0001590364-25-000006"
Q4-2024,"Leasing equipment, net",2373.73,"2025-03-03 10-K balance sheet / debt note, acc 0001590364-25-000006"
Q4-2024,Investments (unconsolidated entities incl. 2025 Partnership equity-method),19.048,"2025-03-03 10-K balance sheet / debt note, acc 0001590364-25-000006"
Q4-2024,Total assets,4037.952,"2025-03-03 10-K balance sheet / debt note, acc 0001590364-25-000006"
Q4-2024,Debt - Revolving Credit Facility,0.0,"2025-03-03 10-K balance sheet / debt note, acc 0001590364-25-000006"
Q4-2024,Debt - Senior Notes due 2025,0.0,"2025-03-03 10-K balance sheet / debt note, acc 0001590364-25-000006"
Q4-2024,Debt - Senior Notes due 2027,0.0,"2025-03-03 10-K balance sheet / debt note, acc 0001590364-25-000006"
Q4-2024,Debt - Senior Notes due 2028,1001.382,"2025-03-03 10-K balance sheet / debt note, acc 0001590364-25-000006"
Q4-2024,Debt - Senior Notes due 2030,497.071,"2025-03-03 10-K balance sheet / debt note, acc 0001590364-25-000006"
Q4-2024,Debt - Senior Notes due 2031,700.0,"2025-03-03 10-K balance sheet / debt note, acc 0001590364-25-000006"
Q4-2024,Debt - Senior Notes due 2032,800.0,"2025-03-03 10-K balance sheet / debt note, acc 0001590364-25-000006"
Q4-2024,Debt - Senior Notes due 2033,497.551,"2025-03-03 10-K balance sheet / debt note, acc 0001590364-25-000006"
Q4-2024,Debt - total carrying value before issuance costs,3496.004,"2025-03-03 10-K balance sheet / debt note, acc 0001590364-25-000006"
Q4-2024,Debt - less unamortized issuance costs,-55.526,"2025-03-03 10-K balance sheet / debt note, acc 0001590364-25-000006"
Q4-2024,Total liabilities,3956.584,"2025-03-03 10-K balance sheet / debt note, acc 0001590364-25-000006"
Q4-2024,Shareholders' equity,81.368,"2025-03-03 10-K balance sheet / debt note, acc 0001590364-25-000006"
Q4-2024,Total equity,81.368,"2025-03-03 10-K balance sheet / debt note, acc 0001590364-25-000006"
Q4-2024,Preferred shares outstanding (millions of shares; $25 liquidation pref each; book value is par only),11.74,"2025-03-03 10-K balance sheet / debt note, acc 0001590364-25-000006"
Q1-2025,Cash and cash equivalents,112.133,"2025-05-05 10-Q balance sheet / debt note, acc 0001590364-25-000011"
Q1-2025,"Inventory, net",645.163,"2025-05-05 10-Q balance sheet / debt note, acc 0001590364-25-000011"
Q1-2025,"Leasing equipment, net",1989.367,"2025-05-05 10-Q balance sheet / debt note, acc 0001590364-25-000011"
Q1-2025,Investments (unconsolidated entities incl. 2025 Partnership equity-method),31.4,"2025-05-05 10-Q balance sheet / debt note, acc 0001590364-25-000011"
Q1-2025,Total assets,4268.144,"2025-05-05 10-Q balance sheet / debt note, acc 0001590364-25-000011"
Q1-2025,Debt - Revolving Credit Facility,200.0,"2025-05-05 10-Q balance sheet / debt note, acc 0001590364-25-000011"
Q1-2025,Debt - Senior Notes due 2025,0.0,"2025-05-05 10-Q balance sheet / debt note, acc 0001590364-25-000011"
Q1-2025,Debt - Senior Notes due 2027,0.0,"2025-05-05 10-Q balance sheet / debt note, acc 0001590364-25-000011"
Q1-2025,Debt - Senior Notes due 2028,1001.287,"2025-05-05 10-Q balance sheet / debt note, acc 0001590364-25-000011"
Q1-2025,Debt - Senior Notes due 2030,497.168,"2025-05-05 10-Q balance sheet / debt note, acc 0001590364-25-000011"
Q1-2025,Debt - Senior Notes due 2031,700.0,"2025-05-05 10-Q balance sheet / debt note, acc 0001590364-25-000011"
Q1-2025,Debt - Senior Notes due 2032,800.0,"2025-05-05 10-Q balance sheet / debt note, acc 0001590364-25-000011"
Q1-2025,Debt - Senior Notes due 2033,497.608,"2025-05-05 10-Q balance sheet / debt note, acc 0001590364-25-000011"
Q1-2025,Debt - total carrying value before issuance costs,3696.063,"2025-05-05 10-Q balance sheet / debt note, acc 0001590364-25-000011"
Q1-2025,Debt - less unamortized issuance costs,-53.536,"2025-05-05 10-Q balance sheet / debt note, acc 0001590364-25-000011"
Q1-2025,Total liabilities,4239.811,"2025-05-05 10-Q balance sheet / debt note, acc 0001590364-25-000011"
Q1-2025,Shareholders' equity,28.333,"2025-05-05 10-Q balance sheet / debt note, acc 0001590364-25-000011"
Q1-2025,Total equity,28.333,"2025-05-05 10-Q balance sheet / debt note, acc 0001590364-25-000011"
Q1-2025,Preferred shares outstanding (millions of shares; $25 liquidation pref each; book value is par only),6.8,"2025-05-05 10-Q balance sheet / debt note, acc 0001590364-25-000011"
Q2-2025,Cash and cash equivalents,301.911,"2025-07-31 10-Q balance sheet / debt note, acc 0001590364-25-000023"
Q2-2025,"Inventory, net",752.866,"2025-07-31 10-Q balance sheet / debt note, acc 0001590364-25-000023"
Q2-2025,"Leasing equipment, net",1849.116,"2025-07-31 10-Q balance sheet / debt note, acc 0001590364-25-000023"
Q2-2025,Investments (unconsolidated entities incl. 2025 Partnership equity-method),125.713,"2025-07-31 10-Q balance sheet / debt note, acc 0001590364-25-000023"
Q2-2025,Total assets,4101.075,"2025-07-31 10-Q balance sheet / debt note, acc 0001590364-25-000023"
Q2-2025,Debt - Revolving Credit Facility,0.0,"2025-07-31 10-Q balance sheet / debt note, acc 0001590364-25-000023"
Q2-2025,Debt - Senior Notes due 2025,0.0,"2025-07-31 10-Q balance sheet / debt note, acc 0001590364-25-000023"
Q2-2025,Debt - Senior Notes due 2027,0.0,"2025-07-31 10-Q balance sheet / debt note, acc 0001590364-25-000023"
Q2-2025,Debt - Senior Notes due 2028,1001.191,"2025-07-31 10-Q balance sheet / debt note, acc 0001590364-25-000023"
Q2-2025,Debt - Senior Notes due 2030,497.266,"2025-07-31 10-Q balance sheet / debt note, acc 0001590364-25-000023"
Q2-2025,Debt - Senior Notes due 2031,700.0,"2025-07-31 10-Q balance sheet / debt note, acc 0001590364-25-000023"
Q2-2025,Debt - Senior Notes due 2032,800.0,"2025-07-31 10-Q balance sheet / debt note, acc 0001590364-25-000023"
Q2-2025,Debt - Senior Notes due 2033,497.665,"2025-07-31 10-Q balance sheet / debt note, acc 0001590364-25-000023"
Q2-2025,Debt - total carrying value before issuance costs,3496.122,"2025-07-31 10-Q balance sheet / debt note, acc 0001590364-25-000023"
Q2-2025,Debt - less unamortized issuance costs,-51.51,"2025-07-31 10-Q balance sheet / debt note, acc 0001590364-25-000023"
Q2-2025,Total liabilities,3936.131,"2025-07-31 10-Q balance sheet / debt note, acc 0001590364-25-000023"
Q2-2025,Shareholders' equity,164.944,"2025-07-31 10-Q balance sheet / debt note, acc 0001590364-25-000023"
Q2-2025,Total equity,164.944,"2025-07-31 10-Q balance sheet / debt note, acc 0001590364-25-000023"
Q2-2025,Preferred shares outstanding (millions of shares; $25 liquidation pref each; book value is par only),6.8,"2025-07-31 10-Q balance sheet / debt note, acc 0001590364-25-000023"
Q3-2025,Cash and cash equivalents,509.945,"2025-10-29 10-Q balance sheet / debt note, acc 0001590364-25-000041"
Q3-2025,"Inventory, net",897.216,"2025-10-29 10-Q balance sheet / debt note, acc 0001590364-25-000041"
Q3-2025,"Leasing equipment, net",1669.634,"2025-10-29 10-Q balance sheet / debt note, acc 0001590364-25-000041"
Q3-2025,Investments (unconsolidated entities incl. 2025 Partnership equity-method),164.346,"2025-10-29 10-Q balance sheet / debt note, acc 0001590364-25-000041"
Q3-2025,Total assets,4240.2,"2025-10-29 10-Q balance sheet / debt note, acc 0001590364-25-000041"
Q3-2025,Debt - Revolving Credit Facility,0.0,"2025-10-29 10-Q balance sheet / debt note, acc 0001590364-25-000041"
Q3-2025,Debt - Senior Notes due 2025,0.0,"2025-10-29 10-Q balance sheet / debt note, acc 0001590364-25-000041"
Q3-2025,Debt - Senior Notes due 2027,0.0,"2025-10-29 10-Q balance sheet / debt note, acc 0001590364-25-000041"
Q3-2025,Debt - Senior Notes due 2028,1001.094,"2025-10-29 10-Q balance sheet / debt note, acc 0001590364-25-000041"
Q3-2025,Debt - Senior Notes due 2030,497.367,"2025-10-29 10-Q balance sheet / debt note, acc 0001590364-25-000041"
Q3-2025,Debt - Senior Notes due 2031,700.0,"2025-10-29 10-Q balance sheet / debt note, acc 0001590364-25-000041"
Q3-2025,Debt - Senior Notes due 2032,800.0,"2025-10-29 10-Q balance sheet / debt note, acc 0001590364-25-000041"
Q3-2025,Debt - Senior Notes due 2033,497.724,"2025-10-29 10-Q balance sheet / debt note, acc 0001590364-25-000041"
Q3-2025,Debt - total carrying value before issuance costs,3496.185,"2025-10-29 10-Q balance sheet / debt note, acc 0001590364-25-000041"
Q3-2025,Debt - less unamortized issuance costs,-49.452,"2025-10-29 10-Q balance sheet / debt note, acc 0001590364-25-000041"
Q3-2025,Total liabilities,3987.736,"2025-10-29 10-Q balance sheet / debt note, acc 0001590364-25-000041"
Q3-2025,Shareholders' equity,252.464,"2025-10-29 10-Q balance sheet / debt note, acc 0001590364-25-000041"
Q3-2025,Total equity,252.464,"2025-10-29 10-Q balance sheet / debt note, acc 0001590364-25-000041"
Q3-2025,Preferred shares outstanding (millions of shares; $25 liquidation pref each; book value is par only),6.8,"2025-10-29 10-Q balance sheet / debt note, acc 0001590364-25-000041"
Q4-2025,Cash and cash equivalents,300.476,"2026-02-27 10-K balance sheet / debt note, acc 0001628280-26-012940"
Q4-2025,"Inventory, net",1193.773,"2026-02-27 10-K balance sheet / debt note, acc 0001628280-26-012940"
Q4-2025,"Leasing equipment, net",1545.804,"2026-02-27 10-K balance sheet / debt note, acc 0001628280-26-012940"
Q4-2025,Investments (unconsolidated entities incl. 2025 Partnership equity-method),314.156,"2026-02-27 10-K balance sheet / debt note, acc 0001628280-26-012940"
Q4-2025,Total assets,4373.758,"2026-02-27 10-K balance sheet / debt note, acc 0001628280-26-012940"
Q4-2025,Debt - Revolving Credit Facility,0.0,"2026-02-27 10-K balance sheet / debt note, acc 0001628280-26-012940"
Q4-2025,Debt - Senior Notes due 2025,0.0,"2026-02-27 10-K balance sheet / debt note, acc 0001628280-26-012940"
Q4-2025,Debt - Senior Notes due 2027,0.0,"2026-02-27 10-K balance sheet / debt note, acc 0001628280-26-012940"
Q4-2025,Debt - Senior Notes due 2028,1000.995,"2026-02-27 10-K balance sheet / debt note, acc 0001628280-26-012940"
Q4-2025,Debt - Senior Notes due 2030,497.47,"2026-02-27 10-K balance sheet / debt note, acc 0001628280-26-012940"
Q4-2025,Debt - Senior Notes due 2031,700.0,"2026-02-27 10-K balance sheet / debt note, acc 0001628280-26-012940"
Q4-2025,Debt - Senior Notes due 2032,800.0,"2026-02-27 10-K balance sheet / debt note, acc 0001628280-26-012940"
Q4-2025,Debt - Senior Notes due 2033,497.784,"2026-02-27 10-K balance sheet / debt note, acc 0001628280-26-012940"
Q4-2025,Debt - total carrying value before issuance costs,3496.249,"2026-02-27 10-K balance sheet / debt note, acc 0001628280-26-012940"
Q4-2025,Debt - less unamortized issuance costs,-47.358,"2026-02-27 10-K balance sheet / debt note, acc 0001628280-26-012940"
Q4-2025,Total liabilities,4039.584,"2026-02-27 10-K balance sheet / debt note, acc 0001628280-26-012940"
Q4-2025,Shareholders' equity,334.174,"2026-02-27 10-K balance sheet / debt note, acc 0001628280-26-012940"
Q4-2025,Total equity,334.174,"2026-02-27 10-K balance sheet / debt note, acc 0001628280-26-012940"
Q4-2025,Preferred shares outstanding (millions of shares; $25 liquidation pref each; book value is par only),6.8,"2026-02-27 10-K balance sheet / debt note, acc 0001628280-26-012940"
Q1-2026,Cash and cash equivalents,412.24,"2026-05-01 10-Q balance sheet / debt note, acc 0001628280-26-029335"
Q1-2026,"Inventory, net",1364.256,"2026-05-01 10-Q balance sheet / debt note, acc 0001628280-26-029335"
Q1-2026,"Leasing equipment, net",1248.793,"2026-05-01 10-Q balance sheet / debt note, acc 0001628280-26-029335"
Q1-2026,Investments (unconsolidated entities incl. 2025 Partnership equity-method),313.039,"2026-05-01 10-Q balance sheet / debt note, acc 0001628280-26-029335"
Q1-2026,Total assets,4528.911,"2026-05-01 10-Q balance sheet / debt note, acc 0001628280-26-029335"
Q1-2026,Debt - Revolving Credit Facility,0.0,"2026-05-01 10-Q balance sheet / debt note, acc 0001628280-26-029335"
Q1-2026,Debt - Senior Notes due 2025,0.0,"2026-05-01 10-Q balance sheet / debt note, acc 0001628280-26-029335"
Q1-2026,Debt - Senior Notes due 2027,0.0,"2026-05-01 10-Q balance sheet / debt note, acc 0001628280-26-029335"
Q1-2026,Debt - Senior Notes due 2028,1000.895,"2026-05-01 10-Q balance sheet / debt note, acc 0001628280-26-029335"
Q1-2026,Debt - Senior Notes due 2030,497.575,"2026-05-01 10-Q balance sheet / debt note, acc 0001628280-26-029335"
Q1-2026,Debt - Senior Notes due 2031,700.0,"2026-05-01 10-Q balance sheet / debt note, acc 0001628280-26-029335"
Q1-2026,Debt - Senior Notes due 2032,800.0,"2026-05-01 10-Q balance sheet / debt note, acc 0001628280-26-029335"
Q1-2026,Debt - Senior Notes due 2033,497.844,"2026-05-01 10-Q balance sheet / debt note, acc 0001628280-26-029335"
Q1-2026,Debt - total carrying value before issuance costs,3496.314,"2026-05-01 10-Q balance sheet / debt note, acc 0001628280-26-029335"
Q1-2026,Debt - less unamortized issuance costs,-45.227,"2026-05-01 10-Q balance sheet / debt note, acc 0001628280-26-029335"
Q1-2026,Total liabilities,4097.235,"2026-05-01 10-Q balance sheet / debt note, acc 0001628280-26-029335"
Q1-2026,Shareholders' equity,431.676,"2026-05-01 10-Q balance sheet / debt note, acc 0001628280-26-029335"
Q1-2026,Total equity,431.676,"2026-05-01 10-Q balance sheet / debt note, acc 0001628280-26-029335"
Q1-2026,Preferred shares outstanding (millions of shares; $25 liquidation pref each; book value is par only),6.8,"2026-05-01 10-Q balance sheet / debt note, acc 0001628280-26-029335"
Q2-2026,Cash and cash equivalents,337.195,"2026-07-31 10-Q balance sheet / debt note, acc 0001628280-26-051412"
Q2-2026,"Inventory, net",1544.592,"2026-07-31 10-Q balance sheet / debt note, acc 0001628280-26-051412"
Q2-2026,"Leasing equipment, net",1146.373,"2026-07-31 10-Q balance sheet / debt note, acc 0001628280-26-051412"
Q2-2026,Investments (unconsolidated entities incl. 2025 Partnership equity-method),401.803,"2026-07-31 10-Q balance sheet / debt note, acc 0001628280-26-051412"
Q2-2026,Total assets,4489.162,"2026-07-31 10-Q balance sheet / debt note, acc 0001628280-26-051412"
Q2-2026,Debt - Revolving Credit Facility,0.0,"2026-07-31 10-Q balance sheet / debt note, acc 0001628280-26-051412"
Q2-2026,Debt - Senior Notes due 2025,0.0,"2026-07-31 10-Q balance sheet / debt note, acc 0001628280-26-051412"
Q2-2026,Debt - Senior Notes due 2027,0.0,"2026-07-31 10-Q balance sheet / debt note, acc 0001628280-26-051412"
Q2-2026,Debt - Senior Notes due 2028,1000.793,"2026-07-31 10-Q balance sheet / debt note, acc 0001628280-26-051412"
Q2-2026,Debt - Senior Notes due 2030,497.682,"2026-07-31 10-Q balance sheet / debt note, acc 0001628280-26-051412"
Q2-2026,Debt - Senior Notes due 2031,700.0,"2026-07-31 10-Q balance sheet / debt note, acc 0001628280-26-051412"
Q2-2026,Debt - Senior Notes due 2032,800.0,"2026-07-31 10-Q balance sheet / debt note, acc 0001628280-26-051412"
Q2-2026,Debt - Senior Notes due 2033,497.905,"2026-07-31 10-Q balance sheet / debt note, acc 0001628280-26-051412"
Q2-2026,Debt - total carrying value before issuance costs,3496.38,"2026-07-31 10-Q balance sheet / debt note, acc 0001628280-26-051412"
Q2-2026,Debt - less unamortized issuance costs,-43.06,"2026-07-31 10-Q balance sheet / debt note, acc 0001628280-26-051412"
Q2-2026,Total liabilities,4085.175,"2026-07-31 10-Q balance sheet / debt note, acc 0001628280-26-051412"
Q2-2026,Shareholders' equity,403.987,"2026-07-31 10-Q balance sheet / debt note, acc 0001628280-26-051412"
Q2-2026,Total equity,403.987,"2026-07-31 10-Q balance sheet / debt note, acc 0001628280-26-051412"
Q2-2026,Preferred shares outstanding (millions of shares; $25 liquidation pref each; book value is par only),2.6,"2026-07-31 10-Q balance sheet / debt note, acc 0001628280-26-051412"
