group,company,ticker,price,EV_USDbn,EV_EBITDA_TTM,EV_EBITDA_CY26E_proxy,EV_EBITDA_NTM_proxy,FCF_yield_pct,CFO_EBITDA_FY23,CFO_EBITDA_FY24,CFO_EBITDA_FY25,CFO_EBITDA_3yr_cum,gains_pct_EBITDA,rev_growth_cur_yr_pct,EBITDA_margin_TTM_pct,notes
franchise,HEICO,HEI,303.26,44.68,30.2,29.2,27.6,2.4,59,67,77,69,~0,20.3,28.5,FY Oct; EBITDA=OpInc+D&A XBRL
franchise,TransDigm,TDG,1103.33,91.69,18.0,17.1,16.1,3.2,43,53,45,47,~0,19.1,50.9,levered: heavy interest depresses CFO
MRO/trading,AAR,AIR,104.03,5.00,13.8,13.1,13.1,3.3,n/a,n/a,n/a,55 (TTM only),~0 (FY26 gain 9.8M),~18 (FY26E 3.31B vs 2.78B),10.3,FY May; 3yr XBRL EBITDA not reliable -> TTM only
MRO/trading,StandardAero,SARO,20.94,9.19,11.7,11.4,10.9,3.2,13,13,43,25,~0,6.5,12.5,
MRO/trading,AerSale,ASLE,4.97,0.40,17.4,17.4,16.9,-16.7,neg,43,neg,neg,n/a [UNVERIFIED],-3.8,7.7,EBITDA tiny
MRO/trading,VSE,VSEC,168.57,6.26,28.7,21.2,19.1,0.0,neg,neg,21,neg,~0,62.9 (M&A),16.3,CY26E inflated by acquisitions
lessor,Willis Lease,WLFC,42.85,3.24,8.2,8.0,7.8,-9.6,97,81,n/a,68 (TTM),[UNVERIFIED] mid-teens,7.5,52.8,FY25 XBRL tags missing
lessor,AerCap,AER,146.27,63.70,12.4,12.3,12.4,-1.4,n/a,n/a,n/a,109 (TTM),[UNVERIFIED] ~5-10,1.0,57.4,20-F filer
lessor,Air Lease,AL,65.00 (last trade 2026-04-07),26.55,n/a,~9.5 [UNVERIFIED est.],n/a,-4.3,n/a,n/a,n/a,~64 [UNVERIFIED],[UNVERIFIED],n/a,n/a,DELISTED 2026-04-08 (Sumitomo-led take-private); precedent only
reference OEM,GE Aerospace,GE,309.39,331.30,28.9,29.1,27.7,2.6,46,56,79,~60,~0,9.7,22.7,EBITDA proxy PTI+D&A
FTAI,FTAI Aviation,FTAI,179.44,21.59,21.7 (SA) / 18.1 (adj TTM 1192),14.2,10.3,-5.2,22,-22,-26,-14,40,55.4 (FY26E rev) / 44.5 (FY25),32.0,CFO+CFI/EBITDA 35% FY25; 2026 guide 1525; 2027 guide 2300
