id,source,date,claim,company_rebuttal,status,evidence_since,overlap_with_our_insight
MW1,Muddy Waters,2025-01-15,"~80% of Aerospace Products adj. EBITDA is gain on sale (MW table: 73%/82%/83% for Q1-Q3 2024)","CEO remarks 2025-01-21 (8-K 7.01/8.01): baseless; Audit Committee review 2025-02-20 (8-K 8.01): allegations without merit; no line-by-line rebuttal","Partly proven for 2024; disproven as a current-run-rate figure","Gain on sale of assets / Aerospace EBITDA upper bound 99% FY24, 56% FY25, 38% 1H26 (cash-flow statements; segment attribution undisclosed). Total gains incl. SCI seed gain and Russia insurance = 40% of company Adj. EBITDA FY25 and 1H26","High on theme (gains in EBITDA); we use a different and lower number (40% of company EBITDA) so we must not repeat 80%"
MW2,Muddy Waters,2025-01-15,"Whole engine sales reported as 3 modules; ~70-80% of 'module sales' are whole engines; MW est. ~95 modules Q3-24 vs FTAI's undisclosed","Mgmt: three modules = one engine; customers choose 1-3 modules; Citi analyst: 'would not seem improper' (Barron's)","Unresolved","FTAI resumed disclosing module counts (228 Q4-25, 270 Q1-26 per supplement, 296 Q2-26); revenue per module $2.96M Q2-26 vs MW's $0.7-1.5M off-the-rack price. 10-K now splits products vs MRE contract revenue. Class action (Shannahan v. FTAI, 25-cv-00541 SDNY) MTD pending","Medium; our margin and gains points assume engines are a large part of products"
MW3,Muddy Waters,2025-01-15,"FTAI over-depreciates engines in Leasing then moves them to AP inventory at low cost, inflating AP margins (~36% vs peers ~20%)","Policy unchanged since 2015; Morgan Stanley: depreciation 'not egregious' (TipRanks/Fly)","Partly supported","Aerospace margin 35.9% (Q1-25) to 28.5% (Q2-26); mgmt guides ~30% for 1-2 years, still above MW peer set (~20%). No restatement; KPMG sole CAM is lease maintenance revenue","Low-medium; margin direction overlaps, our angle is mix and walk-back of the 40% target"
MW4,Muddy Waters,2025-01-15,"Channel stuffing: Dec 2023 sale of two A320s to Aerolease via promissory note, resold to Setna iO June 2024","None specific","Unresolved","No later filing addresses it; Audit Committee blanket finding only","None"
MW5,Muddy Waters,2025-01-15,"Core module EBITDA margin down ~600bp ex-USM; Aerospace Products faces fundamental headwinds","Not specifically addressed","Proven (direction)","Segment margin down 7.4 pts Q1-25 to Q2-26; EBITDA/module $0.90M to $0.84M","High on direction; ours adds module-level dollars and the walk-back"
MW6,Muddy Waters,2025-01-15,"AP is capital intensive (inventory reliant on third-party engine purchases; Perpetual Power program akin to leasing)","Not specifically addressed","Proven","CFO inventory outflow $645M FY25 and $453M 1H26; engine/aircraft inventory purchases $325M FY25, $357M 1H26; inventory $551M to $1,545M; revolver now first-lien on inventory (8-K 2026-04-30)","High; our cash-flow framing extends it"
MW7,Muddy Waters,2025-01-15,"New cash-flow disclosure (whole-engine sales sit in investing) supports materiality of engine sales (slide 22)","None specific","Proven (presentation)","10-K FY25 Note 2: $1,059M FY25 and $538M 1H26 sales of leasing equipment containing inventory components in investing vs costs in operating","High; MW noticed the classification, we quantify the mismatch against Adjusted FCF"
MW8,Muddy Waters,2025-01-15,"Fortress sold stock in May 2024 secondary on a misleading narrative","None specific","Untested","Internalization closed May 2024; nothing later","None"
MW9,Muddy Waters,2025-03-03,"FTAI-packaged CFM56 engines seen at Sorena Turbine (Tehran): possible OFAC violation","None found","Unresolved","No sanctions matter in FY25 10-K Item 3 or Q2-26 10-Q; no OFAC/BIS action found","None"
SC1,Snowcap,2025-01-29,"Up to ~50% of Aerospace profits are repackaged one-off COVID-era leasing gains","Audit Committee blanket finding","Unresolved (partly eroded)","Gain share falling as module volume grew; attribution undisclosed","Medium"
SC2,Snowcap,2025-01-29,"Inventories 'egregiously overvalued'; older engines taken as payment marked up","Audit Committee blanket finding","Unresolved","Inventory up 2.8x with no disclosed write-down; lower of cost or NRV; KPMG gave no inventory CAM; days inventory 186 to 221. Composition undisclosed","High; our inventory tripling point is the same risk with 2026 data"
SC3,Snowcap,2025-01-29,"EBITDA 'at best meaningless'; cash flow far lower than claimed; 87x book","Audit Committee blanket finding","Partly supported","CFO -$311M FY25, -$265M 1H26; CFO+CFI = 35% (FY25) and 41% (1H26) of Adj. EBITDA vs mgmt 60-70%; classification explains much of CFO shortfall","High; ours is more specific (definition shift in Adjusted FCF)"
SC4,Snowcap,2025-01-29,"Former exec says FTAI not really doing third-party module swaps at key facilities","Not specifically addressed","Unresolved (weakly disproven)","Aerospace products revenue $1.2B 1H26, +77% y/y; third-party vs SCI split disclosed only for MRE contract revenue ($404M)","Low"
NEW1,Our insight (not in either report),2026-10-06,"SCI related-party circularity: 25% of 1H26 Aerospace revenue sold to 19%-owned 2025 Partnership, 81% of profit booked at once; seed aircraft gains","n/a","New (post-dates both reports)","10-Q Q2-26 Note 4 and Note 10","Differentiator"
NEW2,Our insight,2026-10-06,"Adjusted FCF definition moves: FY25 $724M vs CFO+CFI $413M; company stopped reconciling after Q2-25 release","n/a","New / open","trail.md Door 1","Differentiator"
NEW3,Our insight,2026-10-06,"2H26 FCF ramp (~$623M) must be built with SCI I seed pipeline exhausted (all committed aircraft sold by 6/30/26); ex-seed 1H26 CFO+CFI was ~$75M of $250M","n/a","New","10-Q Q2-26 Note 10; Q2-26 call; EDGAR cash-flow differences","Differentiator"
