filed,name,relationship,shares_proposed,agg_mkt_value_usd,approx_sale_date,acquisition_nature,plan_adoption_date_on_form,remarks,broker
2026-08-14,"Berndt B.A,E. Modig","Director,Officer",2292,78019.68,08/14/2026,Restricted Stock Units (2292),12/15/2025,The securities to be sold were acquired upon the vesting of restricted stock units during the period of 08/11/2026 through 08/12/2026.,Morgan Stanley Smith Barney LLC Executive Financial Services
2026-09-08,PENG LU,Officer,30000,1057500.00,09/08/2026,Exercise of Stock Options (30000),08/19/2025,The securities to be sold were and will be received upon the exercise of stock options over the next three months. The dates of acquisition and payment were and will be the dates of exercise/sale.,Morgan Stanley Smith Barney LLC Executive Financial Services
2026-09-09,ROBERT R. GLASSMAN,Director,8000,300396.00,09/09/2026,Stock Option Exercise (8000),,,Morgan Stanley Smith Barney LLC Executive Financial Services
2026-09-10,ANNE LESAGE,Officer,30000,1149084.00,09/10/2026,Stock Option Exercise (30000),,,Morgan Stanley Smith Barney LLC Executive Financial Services
2026-09-14,"Berndt B.A,E. Modig","Director,Officer",2291,87103.82,09/14/2026,Restricted Stock Units (2291),12/15/2025,The securities to be sold were acquired upon the vesting of restricted stock units during the period of 9/11/2026 through 9/12/2026.,Morgan Stanley Smith Barney LLC Executive Financial Services
2026-09-14,WIM SOUVERIJNS,Officer,26090,1023583.19,09/14/2026,Restricted Stock (6090); Stock Option Exercise (20000),,The securities to be sold were acquired upon the vesting of restricted stock during the period of 3/12/2026 through 8/12/2026.,Morgan Stanley Smith Barney LLC Executive Financial Services
2026-09-15,ROBERT GLASSMAN,Director,8667,331716.42,09/15/2026,Stock Option Exercise (8667),,,Morgan Stanley Smith Barney LLC Executive Financial Services
2026-09-15,STEFAN ABELE,Officer,46400,1771125.04,09/15/2026,Stock Option Exercise (45000); Restricted Stock (274); Restricted Stock (418); Restricted Stock (548); Restricted Stock (18); Restricted Stock (142),,,Morgan Stanley Smith Barney LLC Executive Financial Services
2026-09-17,ROBERT GLASSMAN,Director,14493,558812.40,09/17/2026,Stock Option Exercise (14493),,,Morgan Stanley Smith Barney LLC Executive Financial Services
2026-09-17,GRAYMATTERS CONSULTING,Officer,20000,765466.00,09/17/2026,Founder Stock (20000),,,Morgan Stanley Smith Barney LLC Executive Financial Services
2026-09-17,ELISABETH E. BJORK,Director,52500,1989408.75,09/17/2026,Stock Option Exercise (52500),,,Morgan Stanley Smith Barney LLC Executive Financial Services
2026-09-17,SCHOODIC MANAGEMENT BV,"Officer,Director",300000,10500000.00,09/17/2026,Founder Stock (300000),,,Morgan Stanley Smith Barney LLC Executive Financial Services
2026-09-17,JOHANNES GER. CHRIS. PE SCHIKAN,"Officer,Director",200000,7000000.00,09/17/2026,Founder Stock (200000),,,Morgan Stanley Smith Barney LLC Executive Financial Services
2026-09-17,PENG LU,Officer,100000,3500000.00,09/17/2026,Exercise of Options Under a Registered Plan (100000),,,Morgan Stanley Smith Barney LLC Executive Financial Services
2026-09-21,DAVID NASSIF,Officer,6000,218800.80,09/21/2026,Restricted Stock (6000),,,Morgan Stanley Smith Barney LLC Executive Financial Services
2026-09-22,JOHANNES GER. CHRIS. PE SCHIKAN,Director,800,28952.00,09/22/2026,Exercise of Options Under a Registered Plan (800),,,Morgan Stanley Smith Barney LLC Executive Financial Services
2026-09-23,VIVIANE ROSINE FRANCOISE BECK MONGES,Director,11969,395523.98,09/23/2026,Exercise of Options Under a Registered Plan (11969),,,Morgan Stanley Smith Barney LLC Executive Financial Services
