filed,owner,role,nonderiv_or_deriv,security,trans_date,code,shares,price,acq_disp,owned_after,10b5-1_checkbox,note
2026-08-13,Lu Peng,"isOfficer,officerTitle=President",ND,Common Stock,2026-08-11,F,109,34.84,D,65296,false,
2026-08-13,Lu Peng,"isOfficer,officerTitle=President",ND,Common Stock,2026-08-12,F,117,34.42,D,65179,false,
2026-08-18,Modig Berndt,"isDirector,isOfficer,officerTitle=Chief Executive Officer",ND,Common Stock,2026-08-14,S,2292,34.7669,D,130625,true,
2026-09-09,Lu Peng,"isOfficer,officerTitle=President",ND,Common Stock,2026-09-08,M,15000,2.59,A,80179,true,
2026-09-09,Lu Peng,"isOfficer,officerTitle=President",ND,Common Stock,2026-09-08,S,15000,40.6756,D,65179,true,
2026-09-11,Glassman Robert,isDirector,ND,Common Stock,2026-09-09,M,8000,20,A,18500,true,
2026-09-11,Glassman Robert,isDirector,ND,Common Stock,2026-09-09,S,8000,37.5495,D,10500,true,
2026-09-11,Glassman Robert,isDirector,D,Stock Option (Right to Buy),2026-09-09,M,8000,0,D,0,true,
2026-09-14,Lesage Anne,"isOfficer,officerTitle=Chief Early Development",ND,Common Stock,2026-09-10,M,30000,8.05,A,86450,true,
2026-09-14,Lesage Anne,"isOfficer,officerTitle=Chief Early Development",ND,Common Stock,2026-09-10,S,30000,38.3028,D,56450,true,
2026-09-14,Lesage Anne,"isOfficer,officerTitle=Chief Early Development",D,Stock Option (Right to Buy),2026-09-10,M,8000,0,D,15000,true,
2026-09-15,Modig Berndt,"isDirector,isOfficer,officerTitle=Chief Executive Officer",ND,Common Stock,2026-09-14,S,2291,39.4046,D,128334,true,
2026-09-15,Lu Peng,"isOfficer,officerTitle=President",ND,Common Stock,2026-09-11,M,15000,2.59,A,80179,true,
2026-09-15,Lu Peng,"isOfficer,officerTitle=President",ND,Common Stock,2026-09-11,S,15000,40.1298,D,65179,true,
2026-09-15,Lu Peng,"isOfficer,officerTitle=President",ND,Common Stock,2026-09-11,F,109,37.51,D,65070,true,
2026-09-15,Lu Peng,"isOfficer,officerTitle=President",ND,Common Stock,2026-09-14,F,117,38.02,D,64953,true,
2026-09-16,Souverijns Wim,"isOfficer,officerTitle=Chief Commercial Officer",ND,Common Stock,2026-09-14,M,20000,17.43,A,65111,true,
2026-09-16,Souverijns Wim,"isOfficer,officerTitle=Chief Commercial Officer",ND,Common Stock,2026-09-14,S,20000,39.3063,D,45111,true,
2026-09-16,Souverijns Wim,"isOfficer,officerTitle=Chief Commercial Officer",ND,Common Stock,2026-09-15,S,6090,38.99,D,39021,true,
2026-09-16,Souverijns Wim,"isOfficer,officerTitle=Chief Commercial Officer",D,Stock Option (Right to Buy),2026-09-14,M,20000,0,D,95000,true,
2026-09-17,Glassman Robert,isDirector,ND,Common Stock,2026-09-15,M,8667,22.31,A,19167,true,
2026-09-17,Glassman Robert,isDirector,ND,Common Stock,2026-09-15,S,8667,38.2735,D,10500,true,
2026-09-17,Glassman Robert,isDirector,D,Stock Option (Right to Buy),2026-09-15,M,8667,0,D,0,true,
2026-09-17,Abele Stefan Andreas,"isOfficer,officerTitle=Chief Technical Ops Officer",ND,Common Stock,2026-09-15,M,45000,16.4,A,85468,false,
2026-09-17,Abele Stefan Andreas,"isOfficer,officerTitle=Chief Technical Ops Officer",ND,Common Stock,2026-09-15,S,45000,38.1375,D,40468,false,
2026-09-17,Abele Stefan Andreas,"isOfficer,officerTitle=Chief Technical Ops Officer",ND,Common Stock,2026-09-15,S,1400,39.2411,D,39068,false,
2026-09-17,Abele Stefan Andreas,"isOfficer,officerTitle=Chief Technical Ops Officer",D,Stock Option (Right to Buy),2026-09-15,M,45000,0,D,44500,false,
2026-09-21,Modig Berndt,"isDirector,isOfficer,officerTitle=Chief Executive Officer",ND,Common Stock,2026-09-17,M,300000,35,D,650000,false,"Schoodic Mgmt BV (Modig) 300,000 sh at $35 coded M/D in filing; holdings 950,000->650,000 so economically a sale (miscoded as filed)"
2026-09-21,Lesage Anne,"isOfficer,officerTitle=Chief Early Development",ND,Common Stock,2026-09-17,S,20000,38.2733,D,73969,false,
2026-09-21,Glassman Robert,isDirector,ND,Common Stock,2026-09-17,M,14493,18.14,A,24993,false,
2026-09-21,Glassman Robert,isDirector,ND,Common Stock,2026-09-17,S,14493,38.5574,D,10500,false,
2026-09-21,Glassman Robert,isDirector,D,Stock Option (Right to Buy),2026-09-17,M,14493,0,D,0,false,
2026-09-21,Bjork Elisabeth,isDirector,ND,Common Stock,2026-09-17,M,35000,14.39,A,50167,false,
2026-09-21,Bjork Elisabeth,isDirector,ND,Common Stock,2026-09-17,M,17500,18.14,A,67667,false,
2026-09-21,Bjork Elisabeth,isDirector,ND,Common Stock,2026-09-17,S,52500,37.8935,D,15167,false,
2026-09-21,Bjork Elisabeth,isDirector,D,Stock Option (Right to Buy),2026-09-17,M,35000,0,D,0,false,
2026-09-21,Bjork Elisabeth,isDirector,D,Stock Option (Right to Buy),2026-09-17,M,17500,0,D,0,false,
2026-09-21,Schikan Johannes Gerardus Christiaan Petrus,isDirector,ND,Common Stock,2026-09-17,S,200000,35,D,115167,false,
2026-09-21,Lu Peng,"isOfficer,officerTitle=President",ND,Common Stock,2026-09-17,M,100000,2.59,A,164953,false,
2026-09-21,Lu Peng,"isOfficer,officerTitle=President",ND,Common Stock,2026-09-17,S,100000,35,D,64953,false,
2026-09-21,Lu Peng,"isOfficer,officerTitle=President",D,Stock Option (Right to Buy),2026-09-17,M,13308,0,D,0,false,
2026-09-21,Lu Peng,"isOfficer,officerTitle=President",D,Stock Option (Right to Buy),2026-09-17,M,86692,0,D,45308,false,
2026-09-23,Nassif David W.,"isOfficer,officerTitle=CFO / CLO",ND,Common Stock,2026-09-21,S,6000,36.4668,D,114300,false,
2026-09-23,Nassif David W.,"isOfficer,officerTitle=CFO / CLO",ND,Common Stock,2026-09-21,G,500,0,D,113800,false,
2026-09-24,Schikan Johannes Gerardus Christiaan Petrus,isDirector,ND,Common Stock,2026-09-22,M,800,20,A,115967,false,
2026-09-24,Schikan Johannes Gerardus Christiaan Petrus,isDirector,ND,Common Stock,2026-09-22,S,800,36.19,D,115167,false,
2026-09-24,Schikan Johannes Gerardus Christiaan Petrus,isDirector,D,Stock Option (Right to Buy),2026-09-22,M,800,0,D,34200,false,
2026-09-24,Lu Peng,"isOfficer,officerTitle=President",ND,Common Stock,2026-09-22,M,45308,2.59,A,110261,false,
2026-09-24,Lu Peng,"isOfficer,officerTitle=President",D,Stock Option (Right to Buy),2026-09-22,M,45308,0,D,0,false,
2026-09-25,Monges Viviane,isDirector,ND,Common Stock,2026-09-23,M,11969,8.05,A,17469,false,
2026-09-25,Monges Viviane,isDirector,ND,Common Stock,2026-09-23,S,11969,33.0457,D,5500,false,
2026-09-25,Monges Viviane,isDirector,D,Stock Option (Right to Buy),2026-09-23,M,11969,0,D,9031,false,
