date,close,volume
2026-08-28,35.32,478900
2026-08-31,34.61,557500
2026-09-01,34.93,394400
2026-09-02,35.17,319600
2026-09-03,35.66,357000
2026-09-04,35.25,483600
2026-09-08,37.84,6326700
2026-09-09,37.74,1427300
2026-09-10,37.51,1325000
2026-09-11,38.02,1449000
2026-09-14,38.86,997900
2026-09-15,38.06,1751100
2026-09-16,37.55,828800
2026-09-17,38.0,1136700
2026-09-18,36.37,580300
2026-09-21,36.02,653700
2026-09-22,35.2,588600
2026-09-23,33.07,654200
2026-09-24,32.99,949000
2026-09-25,32.02,597600
2026-09-28,31.91,753300
2026-09-29,31.73,459200
2026-09-30,31.72,839800
2026-10-01,31.01,654300
2026-10-02,31.19,591400
2026-10-05,30.49,816200
2026-10-06,31.12,778373
