FY26_rev_guide_$m,YE26_ARR_$m,assumed_Q3_rev_$m,implied_H2_rev,implied_Q4_rev,implied_Dec_month_rev(ARR/12),implied_Oct+Nov_rev,implied_avg_Oct/Nov_month,Dec_share_of_Q4_%
3000,7000,800,2019,1219,583,635,318,48
3000,7000,900,2019,1119,583,535,268,52
3000,8000,800,2019,1219,667,552,276,55
3000,8000,900,2019,1119,667,452,226,60
3000,9000,800,2019,1219,750,469,234,62
3000,9000,900,2019,1119,750,369,184,67
3200,7000,800,2219,1419,583,835,418,41
3200,7000,900,2219,1319,583,735,368,44
3200,8000,800,2219,1419,667,752,376,47
3200,8000,900,2219,1319,667,652,326,51
3200,9000,800,2219,1419,750,669,334,53
3200,9000,900,2219,1319,750,569,284,57
3400,7000,800,2419,1619,583,1035,518,36
3400,7000,900,2419,1519,583,935,468,38
3400,8000,800,2419,1619,667,952,476,41
3400,8000,900,2419,1519,667,852,426,44
3400,9000,800,2419,1619,750,869,434,46
3400,9000,900,2419,1519,750,769,384,49
