case,ACV_$m_per_MW,capex_$m_per_MW_assumed,cash_opex_%_of_rev_assumed,EBITDA_$m_per_MW,simple_payback_yrs,dep_4yr_$m,dep_5yr_$m,dep_6yr_$m,dep5_%_of_ACV,EBIT_margin_5yr_%
2026 base blended (letter),12,28,0.22,9.4,2.99,7.0,5.6,4.7,47,31
2026 base blended (letter),12,32,0.22,9.4,3.42,8.0,6.4,5.3,53,25
2026 base blended (letter),12,36,0.22,9.4,3.85,9.0,7.2,6.0,60,18
Q2-26 deals midpoint,22.5,28,0.22,17.6,1.6,7.0,5.6,4.7,25,53
Q2-26 deals midpoint,22.5,32,0.22,17.6,1.82,8.0,6.4,5.3,28,50
Q2-26 deals midpoint,22.5,36,0.22,17.6,2.05,9.0,7.2,6.0,32,46
Q3 short-term deals,45,28,0.22,35.1,0.8,7.0,5.6,4.7,12,66
Q3 short-term deals,45,32,0.22,35.1,0.91,8.0,6.4,5.3,14,64
Q3 short-term deals,45,36,0.22,35.1,1.03,9.0,7.2,6.0,16,62
