pillar,with_value_per_share,without_value_per_share,delta_per_share,evidence_strength_1to5,basis
Core multiple at peer median 11.6x fwd P/E (vs ASO 7.7x),143.5,96.7,-46.8,3,stockanalysis.com peer pages 2026-10-06; single-date free-site data
Core EBIT holds at guide midpoint $1.57B (vs -$110M miss),143.5,133.3,-10.2,3,Q2 release 8/25/26 guide; H2 implied 2-yr stack 4-7 vs 10.1; Census 451 +10.0% y/y argues against a core slump
Foot Locker base case +$4.5/sh (vs bear -$11/sh),143.5,128.0,-15.5,2,My scenarios; standalone EBIT FY24 $103M plus synergies $100-125M [company claim]
T1 Foot Locker inventory-driven Q3 cut (-$100M FL EBIT capitalised at 11.3x),143.5,134.5,-9.0,3,Inventory $2.0B per Q2 release fn4; +14.7% y/y vs sales -6%; magnitude of cut unobserved
$1.0B notes fund buybacks (all-in),148.9,143.5,5.4,2,8-K 9/22/26 use of proceeds is general corporate purposes only; H1 buyback just $141M
FY27 store closures (+$30M EBIT) [UNVERIFIED],146.3,143.5,2.8,2,110 FL closures in H1; savings not disclosed; my assumption
GameChanger at 2x sales (~$150M rev) [UNVERIFIED],146.8,143.5,3.4,1,10-K FY25 nearly $150M revenue; profit undisclosed; likely already in core EBIT
Insider buying (bear prob 25% to 20%),145.7,143.5,2.2,2,~$5.6M Form 4 buys; signal not independent evidence
T3 House of Sport economics / cannibalization,n/a,n/a,n/a,1,Only 2024 Placer.ai figures; no disclosure of store-level data
