series_id,name,year,period,index,yoy_pct_calc
CUUR0000SEAE,Footwear (CPI-U NSA),2025,M01,143.753,1.0
CUUR0000SEAE,Footwear (CPI-U NSA),2025,M02,146.467,-0.2
CUUR0000SEAE,Footwear (CPI-U NSA),2025,M03,146.802,-0.7
CUUR0000SEAE,Footwear (CPI-U NSA),2025,M04,145.034,-1.3
CUUR0000SEAE,Footwear (CPI-U NSA),2025,M05,144.078,-1.6
CUUR0000SEAE,Footwear (CPI-U NSA),2025,M06,144.794,-0.6
CUUR0000SEAE,Footwear (CPI-U NSA),2025,M07,145.534,0.9
CUUR0000SEAE,Footwear (CPI-U NSA),2025,M08,146.675,1.4
CUUR0000SEAE,Footwear (CPI-U NSA),2025,M09,149.463,1.3
CUUR0000SEAE,Footwear (CPI-U NSA),2025,M10,-,
CUUR0000SEAE,Footwear (CPI-U NSA),2025,M11,145.778,-0.1
CUUR0000SEAE,Footwear (CPI-U NSA),2025,M12,144.765,1.1
CUUR0000SEAE,Footwear (CPI-U NSA),2026,M01,146.563,2.0
CUUR0000SEAE,Footwear (CPI-U NSA),2026,M02,148.637,1.5
CUUR0000SEAE,Footwear (CPI-U NSA),2026,M03,150.370,2.4
CUUR0000SEAE,Footwear (CPI-U NSA),2026,M04,151.094,4.2
CUUR0000SEAE,Footwear (CPI-U NSA),2026,M05,151.518,5.2
CUUR0000SEAE,Footwear (CPI-U NSA),2026,M06,150.762,4.1
CUUR0000SEAE,Footwear (CPI-U NSA),2026,M07,150.520,3.4
CUUR0000SEAE,Footwear (CPI-U NSA),2026,M08,151.979,3.6
CUUR0000SEAE01,Men's footwear,2025,M01,149.803,1.1
CUUR0000SEAE01,Men's footwear,2025,M02,153.090,0.8
CUUR0000SEAE01,Men's footwear,2025,M03,153.056,-0.3
CUUR0000SEAE01,Men's footwear,2025,M04,149.700,-1.5
CUUR0000SEAE01,Men's footwear,2025,M05,147.529,-2.4
CUUR0000SEAE01,Men's footwear,2025,M06,150.586,0.2
CUUR0000SEAE01,Men's footwear,2025,M07,152.670,1.2
CUUR0000SEAE01,Men's footwear,2025,M08,151.709,-0.2
CUUR0000SEAE01,Men's footwear,2025,M09,154.829,0.7
CUUR0000SEAE01,Men's footwear,2025,M10,-,
CUUR0000SEAE01,Men's footwear,2025,M11,150.874,-1.2
CUUR0000SEAE01,Men's footwear,2025,M12,150.399,1.7
CUUR0000SEAE01,Men's footwear,2026,M01,154.969,3.4
CUUR0000SEAE01,Men's footwear,2026,M02,155.315,1.5
CUUR0000SEAE01,Men's footwear,2026,M03,155.230,1.4
CUUR0000SEAE01,Men's footwear,2026,M04,155.586,3.9
CUUR0000SEAE01,Men's footwear,2026,M05,155.505,5.4
CUUR0000SEAE01,Men's footwear,2026,M06,155.735,3.4
CUUR0000SEAE01,Men's footwear,2026,M07,156.993,2.8
CUUR0000SEAE01,Men's footwear,2026,M08,160.331,5.7
CUUR0000SAA,Apparel,2025,M01,128.464,0.4
CUUR0000SAA,Apparel,2025,M02,132.774,0.6
CUUR0000SAA,Apparel,2025,M03,134.082,0.3
CUUR0000SAA,Apparel,2025,M04,132.544,-0.7
CUUR0000SAA,Apparel,2025,M05,131.223,-0.9
CUUR0000SAA,Apparel,2025,M06,130.844,-0.5
CUUR0000SAA,Apparel,2025,M07,129.190,-0.2
CUUR0000SAA,Apparel,2025,M08,131.989,0.2
CUUR0000SAA,Apparel,2025,M09,135.424,-0.1
CUUR0000SAA,Apparel,2025,M10,-,
CUUR0000SAA,Apparel,2025,M11,129.763,0.2
CUUR0000SAA,Apparel,2025,M12,128.122,0.6
CUUR0000SAA,Apparel,2026,M01,130.685,1.7
CUUR0000SAA,Apparel,2026,M02,136.132,2.5
CUUR0000SAA,Apparel,2026,M03,138.582,3.4
CUUR0000SAA,Apparel,2026,M04,138.074,4.2
CUUR0000SAA,Apparel,2026,M05,137.510,4.8
CUUR0000SAA,Apparel,2026,M06,135.917,3.9
CUUR0000SAA,Apparel,2026,M07,134.182,3.9
CUUR0000SAA,Apparel,2026,M08,136.752,3.6
