year,month,sales_musd_NSA,yoy_pct
2024,1,3876,
2024,2,3960,
2024,3,4803,
2024,4,4426,
2024,5,4979,
2024,6,5250,
2024,7,5088,
2024,8,5421,
2024,9,4491,
2024,10,4541,
2024,11,4946,
2024,12,6933,
2025,1,3845,-0.8
2025,2,3673,-7.2
2025,3,4890,1.8
2025,4,4434,0.2
2025,5,4964,-0.3
2025,6,5032,-4.2
2025,7,5175,1.7
2025,8,5624,3.7
2025,9,4465,-0.6
2025,10,4623,1.8
2025,11,5019,1.5
2025,12,7270,4.9
2026,1,3981,3.5
2026,2,3970,8.1
2026,3,5116,4.6
2026,4,4921,11.0
2026,5,5465,10.1
2026,6,5706,13.4
2026,7,5559,7.4
