filing_date,insider,role,txn_date,code,shares,price_usd,approx_value_usd,source_accession
2026-08-28,Eddy Robert W.,Director,2026-08-26,P,4000,128.695,514780,0001510712-26-000010
2026-08-28,Mathrani Sandeep,Director,2026-08-26,P,1550,128.892,199782,0001246485-26-000005
2026-08-28,Barrenechea Mark J,Director,2026-08-27,P,17000,130.72,2222240,0001290936-26-000010
2026-08-28,Colombo William J,Director,2026-08-26,P,5000,128.72,643600,0001198906-26-000006
2026-08-28,Colombo William J,Director,2026-08-27,P,1100,129.00,141900,0001198906-26-000006
2026-09-02,Colombo William J,Director,2026-09-01,P,913,133.19,121598,0001198906-26-000008
2026-09-24,Gupta Navdeep,EVP & CFO,2026-09-22,P,7707,129.75,999998,0001772409-26-000009
2026-09-24,Fitzgerald Larry Jr.,Director,2026-09-23,P,1860,131.67,244906,0001817293-26-000006
2026-10-01,Barnes Matthew,President Foot Locker Intl,2026-09-30,P,3665,136.39,499859,0002100573-26-000006
