as_of,format,beginning_fy26,ending_aug_1_2026,gross_sqft_mm_end,source
2026-08-01,DICK'S (legacy),644,630,33.5,https://www.sec.gov/Archives/edgar/data/1089063/000108906326000033/dks-2026801xex991earningsr.htm
2026-08-01,DICK'S Field House,42,52,2.9,same
2026-08-01,DICK'S House of Sport,35,41,4.5,same
2026-08-01,Golf Galaxy,113,114,2.5,same
2026-08-01,Going Going Gone!,51,52,2.4,same
2026-08-01,Public Lands,3,3,0.1,same
2026-08-01,Total DICK'S Business,888,892,46.0,same
2026-08-01,Foot Locker North America,734,715,4.3,same
2026-08-01,Champs Sports,371,364,2.1,same
2026-08-01,Kids Foot Locker,362,353,1.2,same
2026-08-01,WSS,143,99,1.3,same
2026-08-01,Foot Locker Europe,573,559,2.3,same
2026-08-01,Foot Locker Asia Pacific,94,92,0.4,same
2026-08-01,atmos,30,30,0,same
2026-08-01,Licensed (ME/Asia/Europe),254,266,1.2,same
2026-08-01,Total Foot Locker Business,2561,2478,12.8,same
